#TYPE System.Management.Automation.PSCustomObject,,,
URL,Status,DateAdded,Notes
103.4.218.22,Bad,7/25/2015,
108.163.188.250,Bad,7/25/2015,
108.163.194.234,Bad,7/25/2015,
108.170.13.205,Bad,7/25/2015,
109.123.100.219,Bad,7/25/2015,
109.163.225.232,Bad,7/25/2015,
109.163.231.219,Bad,7/25/2015,
109.196.143.130,Bad,7/25/2015,
109.196.143.133,Bad,7/25/2015,
109.196.143.135,Bad,7/25/2015,
109.196.143.136,Bad,7/25/2015,
109.196.143.137,Bad,7/25/2015,
109.203.126.70,Bad,7/25/2015,
109.228.26.155,Bad,7/25/2015,
109.230.229.156,Bad,7/25/2015,
109.234.161.10,Bad,7/25/2015,
109.235.249.163,Bad,7/25/2015,
109.254.2.123,Bad,7/25/2015,
109.72.86.5,Bad,7/25/2015,
110.45.136.181,Bad,7/25/2015,
111.92.237.115,Bad,7/25/2015,
112.148.141.4,Bad,7/25/2015,
112.216.25.75,Bad,7/25/2015,
112.78.124.115,Bad,7/25/2015,
112.84.189.89,Bad,7/25/2015,
113.28.68.42,Bad,7/25/2015,
114.108.170.13,Bad,7/25/2015,
114.203.87.195,Bad,7/25/2015,
114.27.25.145,Bad,7/25/2015,
114.80.208.199,Bad,7/25/2015,
115.230.126.91,Bad,7/25/2015,
115.47.69.193,Bad,7/25/2015,
115.68.13.152,Bad,7/25/2015,
115.68.13.174,Bad,7/25/2015,
116.127.121.27,Bad,7/25/2015,
116.240.195.34,Bad,7/25/2015,
116.255.180.231,Bad,7/25/2015,
117.104.150.170,Bad,7/25/2015,
117.55.226.25,Bad,7/25/2015,
118.219.234.63,Bad,7/25/2015,
118.220.175.24,Bad,7/25/2015,
119.145.143.6,Bad,7/25/2015,
119.42.225.167,Bad,7/25/2015,
120.106.194.6,Bad,7/25/2015,
121.10.107.78,Bad,7/25/2015,
121.125.60.241,Bad,7/25/2015,
121.156.126.10,Bad,7/25/2015,
121.254.145.212,Bad,7/25/2015,
121.9.213.187,Bad,7/25/2015,
122.160.168.219,Bad,7/25/2015,
124.217.216.30,Bad,7/25/2015,
124.217.216.34,Bad,7/25/2015,
124.217.216.40,Bad,7/25/2015,
124.217.216.42,Bad,7/25/2015,
125.141.196.59,Bad,7/25/2015,
125.65.112.15,Bad,7/25/2015,
125.65.112.23,Bad,7/25/2015,
125.65.112.42,Bad,7/25/2015,
128.134.30.87,Bad,7/25/2015,
129.121.130.156,Bad,7/25/2015,
129.121.130.28,Bad,7/25/2015,
129.121.160.162,Bad,7/25/2015,
129.121.160.18,Bad,7/25/2015,
129.121.162.11,Bad,7/25/2015,
129.121.199.142,Bad,7/25/2015,
129.121.219.126,Bad,7/25/2015,
129.121.221.48,Bad,7/25/2015,
129.121.34.250,Bad,7/25/2015,
129.121.49.164,Bad,7/25/2015,
129.121.93.148,Bad,7/25/2015,
130.185.105.74,Bad,7/25/2015,
142.11.195.204,Bad,7/25/2015,
143.215.203.17,Bad,7/25/2015,
143.95.1.6,Bad,7/25/2015,
146.185.218.146,Bad,7/25/2015,
149.47.13.197,Bad,7/25/2015,
149.47.131.196,Bad,7/25/2015,
149.47.132.173,Bad,7/25/2015,
149.47.132.201,Bad,7/25/2015,
149.47.134.194,Bad,7/25/2015,
149.47.137.196,Bad,7/25/2015,
149.47.141.170,Bad,7/25/2015,
149.47.147.164,Bad,7/25/2015,
149.47.151.172,Bad,7/25/2015,
149.47.151.198,Bad,7/25/2015,
149.47.152.172,Bad,7/25/2015,
149.47.155.172,Bad,7/25/2015,
149.47.155.200,Bad,7/25/2015,
149.47.156.172,Bad,7/25/2015,
149.47.159.198,Bad,7/25/2015,
149.47.160.187,Bad,7/25/2015,
149.47.171.186,Bad,7/25/2015,
149.47.171.196,Bad,7/25/2015,
149.47.172.168,Bad,7/25/2015,
149.47.175.184,Bad,7/25/2015,
149.47.216.177,Bad,7/25/2015,
149.47.237.168,Bad,7/25/2015,
149.47.59.163,Bad,7/25/2015,
151.248.123.170,Bad,7/25/2015,
161.58.175.23,Bad,7/25/2015,
173.192.136.92,Bad,7/25/2015,
173.193.106.10,Bad,7/25/2015,
173.193.234.98,Bad,7/25/2015,
173.201.231.194,Bad,7/25/2015,
173.214.173.53,Bad,7/25/2015,
173.233.132.19,Bad,7/25/2015,
173.236.229.134,Bad,7/25/2015,
173.236.45.195,Bad,7/25/2015,
173.244.192.245,Bad,7/25/2015,
173.244.194.236,Bad,7/25/2015,
173.246.102.223,Bad,7/25/2015,
173.246.102.246,Bad,7/25/2015,
173.246.103.112,Bad,7/25/2015,
173.246.103.124,Bad,7/25/2015,
173.246.103.184,Bad,7/25/2015,
173.254.28.26,Bad,7/25/2015,
174.120.120.196,Bad,7/25/2015,
174.120.146.138,Bad,7/25/2015,
174.120.150.134,Bad,7/25/2015,
174.120.189.158,Bad,7/25/2015,
174.120.200.218,Bad,7/25/2015,
174.120.23.227,Bad,7/25/2015,
174.120.232.251,Bad,7/25/2015,
174.120.29.2,Bad,7/25/2015,
174.120.7.157,Bad,7/25/2015,
174.121.34.254,Bad,7/25/2015,
174.122.148.94,Bad,7/25/2015,
174.122.221.186,Bad,7/25/2015,
174.127.107.174,Bad,7/25/2015,
174.127.70.195,Bad,7/25/2015,
174.132.158.246,Bad,7/25/2015,
174.132.190.220,Bad,7/25/2015,
174.132.242.212,Bad,7/25/2015,
174.133.12.202,Bad,7/25/2015,
174.133.7.220,Bad,7/25/2015,
174.136.57.221,Bad,7/25/2015,
174.140.168.143,Bad,7/25/2015,
174.140.168.248,Bad,7/25/2015,
174.140.17.100,Bad,7/25/2015,
174.142.189.88,Bad,7/25/2015,
174.142.32.74,Bad,7/25/2015,
174.143.45.131,Bad,7/25/2015,
174.36.192.3,Bad,7/25/2015,
174.36.237.124,Bad,7/25/2015,
174.37.172.162,Bad,7/25/2015,
175.41.139.237,Bad,7/25/2015,
176.31.199.16,Bad,7/25/2015,
176.67.169.195,Bad,7/25/2015,
176.9.90.164,Bad,7/25/2015,
178.162.134.138,Bad,7/25/2015,
178.162.134.211,Bad,7/25/2015,
178.162.173.114,Bad,7/25/2015,
178.17.163.108,Bad,7/25/2015,
178.208.77.97,Bad,7/25/2015,
178.239.48.5,Bad,7/25/2015,
178.248.75.84,Bad,7/25/2015,
178.248.85.67,Bad,7/25/2015,
178.63.173.115,Bad,7/25/2015,
178.63.2.21,Bad,7/25/2015,
178.63.226.203,Bad,7/25/2015,
178.63.247.135,Bad,7/25/2015,
178.73.224.97,Bad,7/25/2015,
178.73.225.97,Bad,7/25/2015,
178.73.225.98,Bad,7/25/2015,
178.73.227.96,Bad,7/25/2015,
178.73.229.154,Bad,7/25/2015,
178.73.230.97,Bad,7/25/2015,
178.73.231.96,Bad,7/25/2015,
178.73.231.98,Bad,7/25/2015,
178.73.240.94,Bad,7/25/2015,
178.73.245.59,Bad,7/25/2015,
178.79.160.170,Bad,7/25/2015,
180.235.132.29,Bad,7/25/2015,
180.235.150.72,Bad,7/25/2015,
182.160.149.130,Bad,7/25/2015,
184.154.140.38,Bad,7/25/2015,
184.154.49.74,Bad,7/25/2015,
184.154.76.237,Bad,7/25/2015,
184.168.197.1,Bad,7/25/2015,
184.168.254.1,Bad,7/25/2015,
184.172.168.32,Bad,7/25/2015,
184.172.185.191,Bad,7/25/2015,
184.173.80.199,Bad,7/25/2015,
185.10.208.153,Bad,7/25/2015,
186.190.213.10,Bad,7/25/2015,
186.202.132.73,Bad,7/25/2015,
186.202.136.206,Bad,7/25/2015,
186.202.16.186,Bad,7/25/2015,
186.227.162.3,Bad,7/25/2015,
187.108.197.177,Bad,7/25/2015,
187.16.23.136,Bad,7/25/2015,
187.19.96.13,Bad,7/25/2015,
187.45.193.223,Bad,7/25/2015,
187.45.210.13,Bad,7/25/2015,
187.85.160.106,Bad,7/25/2015,
188.120.237.117,Bad,7/25/2015,
188.127.248.54,Bad,7/25/2015,
188.127.249.241,Bad,7/25/2015,
188.127.254.158,Bad,7/25/2015,
188.138.1.9,Bad,7/25/2015,
188.165.202.204,Bad,7/25/2015,
188.190.98.132,Bad,7/25/2015,
188.190.98.144,Bad,7/25/2015,
188.190.98.231,Bad,7/25/2015,
188.247.131.92,Bad,7/25/2015,
188.40.168.128,Bad,7/25/2015,
188.64.184.32,Bad,7/25/2015,
188.65.112.47,Bad,7/25/2015,
188.65.74.161,Bad,7/25/2015,
188.65.74.162,Bad,7/25/2015,
188.65.74.163,Bad,7/25/2015,
188.65.74.166,Bad,7/25/2015,
188.65.74.167,Bad,7/25/2015,
188.65.74.168,Bad,7/25/2015,
188.65.74.169,Bad,7/25/2015,
188.65.74.170,Bad,7/25/2015,
188.93.210.133,Bad,7/25/2015,
188.93.210.200,Bad,7/25/2015,
188.93.211.156,Bad,7/25/2015,
188.93.211.57,Bad,7/25/2015,
188.95.159.100,Bad,7/25/2015,
188.95.48.109,Bad,7/25/2015,
188.95.53.17,Bad,7/25/2015,
189.108.44.42,Bad,7/25/2015,
190.196.69.211,Bad,7/25/2015,
190.224.162.208,Bad,7/25/2015,
190.228.29.16,Bad,7/25/2015,
190.228.29.77,Bad,7/25/2015,
190.228.29.81,Bad,7/25/2015,
192.111.144.10,Bad,7/25/2015,
192.111.144.12,Bad,7/25/2015,
192.111.144.13,Bad,7/25/2015,
192.117.232.137,Bad,7/25/2015,
192.155.81.9,Bad,7/25/2015,
192.155.83.191,Bad,7/25/2015,
192.34.58.151,Bad,7/25/2015,
192.41.60.10,Bad,7/25/2015,
193.0.179.20,Bad,7/25/2015,
193.104.146.12,Bad,7/25/2015,
193.104.146.77,Bad,7/25/2015,
193.105.174.42,Bad,7/25/2015,
193.105.207.21,Bad,7/25/2015,
193.105.240.59,Bad,7/25/2015,
193.107.172.11,Bad,7/25/2015,
193.107.19.80,Bad,7/25/2015,
193.169.188.3,Bad,7/25/2015,
193.178.146.235,Bad,7/25/2015,
193.178.172.60,Bad,7/25/2015,
193.200.173.3,Bad,7/25/2015,
193.200.173.4,Bad,7/25/2015,
193.200.255.28,Bad,7/25/2015,
193.203.119.100,Bad,7/25/2015,
193.86.3.170,Bad,7/25/2015,
194.103.222.41,Bad,7/25/2015,
194.146.224.100,Bad,7/25/2015,
194.183.224.73,Bad,7/25/2015,
194.186.208.8,Bad,7/25/2015,
194.186.88.34,Bad,7/25/2015,
194.186.88.38,Bad,7/25/2015,
194.186.88.45,Bad,7/25/2015,
194.247.12.39,Bad,7/25/2015,
194.247.58.174,Bad,7/25/2015,
194.247.58.51,Bad,7/25/2015,
194.247.58.95,Bad,7/25/2015,
194.247.58.96,Bad,7/25/2015,
194.28.112.3,Bad,7/25/2015,
194.28.115.150,Bad,7/25/2015,
194.32.151.185,Bad,7/25/2015,
194.44.166.162,Bad,7/25/2015,
194.44.49.45,Bad,7/25/2015,
194.88.218.182,Bad,7/25/2015,
195.190.12.245,Bad,7/25/2015,
195.208.1.112,Bad,7/25/2015,
195.210.47.208,Bad,7/25/2015,
195.211.196.179,Bad,7/25/2015,
195.226.197.49,Bad,7/25/2015,
195.226.197.50,Bad,7/25/2015,
195.226.197.51,Bad,7/25/2015,
195.234.124.40,Bad,7/25/2015,
195.234.124.41,Bad,7/25/2015,
195.242.182.30,Bad,7/25/2015,
195.244.128.9,Bad,7/25/2015,
195.28.26.20,Bad,7/25/2015,
195.70.35.215,Bad,7/25/2015,
195.8.196.34,Bad,7/25/2015,
195.80.151.59,Bad,7/25/2015,
195.88.139.78,Bad,7/25/2015,
195.93.180.252,Bad,7/25/2015,
198.23.139.199,Bad,7/25/2015,
198.27.64.67,Bad,7/25/2015,
198.50.194.26,Bad,7/25/2015,
198.74.54.28,Bad,7/25/2015,
198.77.71.192,Bad,7/25/2015,
199.167.202.51,Bad,7/25/2015,
199.188.102.126,Bad,7/25/2015,
199.223.209.169,Bad,7/25/2015,
199.231.210.167,Bad,7/25/2015,
199.237.192.212,Bad,7/25/2015,
199.238.181.161,Bad,7/25/2015,
199.27.134.17,Bad,7/25/2015,
199.59.241.234,Bad,7/25/2015,
200.110.156.73,Bad,7/25/2015,
200.122.168.229,Bad,7/25/2015,
200.13.244.245,Bad,7/25/2015,
200.147.1.41,Bad,7/25/2015,
200.147.33.17,Bad,7/25/2015,
200.147.33.19,Bad,7/25/2015,
200.147.33.21,Bad,7/25/2015,
200.149.77.223,Bad,7/25/2015,
200.149.77.224,Bad,7/25/2015,
200.149.77.228,Bad,7/25/2015,
200.219.224.48,Bad,7/25/2015,
200.219.245.158,Bad,7/25/2015,
200.58.111.26,Bad,7/25/2015,
200.58.112.225,Bad,7/25/2015,
200.58.119.150,Bad,7/25/2015,
200.58.119.30,Bad,7/25/2015,
200.58.119.89,Bad,7/25/2015,
200.58.120.104,Bad,7/25/2015,
200.58.123.105,Bad,7/25/2015,
200.58.124.129,Bad,7/25/2015,
200.59.119.132,Bad,7/25/2015,
200.63.44.192,Bad,7/25/2015,
200.72.1.94,Bad,7/25/2015,
200.80.97.174,Bad,7/25/2015,
200.98.197.57,Bad,7/25/2015,
200.98.197.99,Bad,7/25/2015,
200.98.247.37,Bad,7/25/2015,
201.216.232.12,Bad,7/25/2015,
201.7.184.2,Bad,7/25/2015,
201.76.178.58,Bad,7/25/2015,
201.76.59.63,Bad,7/25/2015,
201.90.255.85,Bad,7/25/2015,
202.109.143.16,Bad,7/25/2015,
202.131.25.49,Bad,7/25/2015,
202.146.213.7,Bad,7/25/2015,
202.146.4.119,Bad,7/25/2015,
202.157.165.152,Bad,7/25/2015,
202.170.120.71,Bad,7/25/2015,
202.28.69.195,Bad,7/25/2015,
202.38.97.217,Bad,7/25/2015,
202.72.245.146,Bad,7/25/2015,
202.73.57.34,Bad,7/25/2015,
202.91.74.136,Bad,7/25/2015,
203.157.204.2,Bad,7/25/2015,
203.158.16.75,Bad,7/25/2015,
203.62.135.6,Bad,7/25/2015,
203.63.5.190,Bad,7/25/2015,
204.12.252.138,Bad,7/25/2015,
204.12.47.43,Bad,7/25/2015,
204.45.48.15,Bad,7/25/2015,
204.45.55.121,Bad,7/25/2015,
204.62.12.36,Bad,7/25/2015,
204.93.171.26,Bad,7/25/2015,
204.93.171.27,Bad,7/25/2015,
205.186.183.224,Bad,7/25/2015,
205.209.102.141,Bad,7/25/2015,
205.209.143.94,Bad,7/25/2015,
205.234.204.161,Bad,7/25/2015,
205.234.231.11,Bad,7/25/2015,
206.188.192.34,Bad,7/25/2015,
206.217.131.101,Bad,7/25/2015,
206.217.137.210,Bad,7/25/2015,
206.217.209.5,Bad,7/25/2015,
206.225.20.77,Bad,7/25/2015,
207.182.132.154,Bad,7/25/2015,
207.204.11.91,Bad,7/25/2015,
207.210.111.200,Bad,7/25/2015,
207.226.182.55,Bad,7/25/2015,
208.112.22.66,Bad,7/25/2015,
208.113.149.162,Bad,7/25/2015,
208.113.174.122,Bad,7/25/2015,
208.115.233.154,Bad,7/25/2015,
208.131.138.8,Bad,7/25/2015,
208.52.167.208,Bad,7/25/2015,
208.53.183.20,Bad,7/25/2015,
208.68.37.55,Bad,7/25/2015,
208.69.181.2,Bad,7/25/2015,
208.71.106.216,Bad,7/25/2015,
208.75.182.117,Bad,7/25/2015,
208.75.230.43,Bad,7/25/2015,
208.76.54.216,Bad,7/25/2015,
208.76.54.224,Bad,7/25/2015,
208.76.80.13,Bad,7/25/2015,
208.76.80.16,Bad,7/25/2015,
208.76.80.19,Bad,7/25/2015,
208.78.116.100,Bad,7/25/2015,
208.79.232.46,Bad,7/25/2015,
208.83.210.11,Bad,7/25/2015,
208.83.210.33,Bad,7/25/2015,
208.87.149.250,Bad,7/25/2015,
208.88.5.229,Bad,7/25/2015,
208.93.234.68,Bad,7/25/2015,
208.94.108.238,Bad,7/25/2015,
209.172.59.196,Bad,7/25/2015,
209.188.0.118,Bad,7/25/2015,
209.190.85.128,Bad,7/25/2015,
209.190.85.252,Bad,7/25/2015,
209.200.55.33,Bad,7/25/2015,
209.200.55.60,Bad,7/25/2015,
209.216.193.107,Bad,7/25/2015,
209.235.144.9,Bad,7/25/2015,
209.236.115.98,Bad,7/25/2015,
209.236.67.163,Bad,7/25/2015,
209.236.67.171,Bad,7/25/2015,
209.25.133.107,Bad,7/25/2015,
209.33.220.8,Bad,7/25/2015,
209.51.196.254,Bad,7/25/2015,
209.9.188.130,Bad,7/25/2015,
210.109.97.193,Bad,7/25/2015,
210.114.221.53,Bad,7/25/2015,
210.193.32.148,Bad,7/25/2015,
210.219.173.220,Bad,7/25/2015,
211.119.245.140,Bad,7/25/2015,
211.171.231.215,Bad,7/25/2015,
211.174.163.103,Bad,7/25/2015,
211.174.183.130,Bad,7/25/2015,
211.202.2.17,Bad,7/25/2015,
211.233.51.186,Bad,7/25/2015,
211.234.100.137,Bad,7/25/2015,
211.234.117.132,Bad,7/25/2015,
211.234.117.47,Bad,7/25/2015,
211.44.250.173,Bad,7/25/2015,
212.117.161.31,Bad,7/25/2015,
212.117.169.139,Bad,7/25/2015,
212.12.112.25,Bad,7/25/2015,
212.124.116.129,Bad,7/25/2015,
212.124.116.141,Bad,7/25/2015,
212.150.34.114,Bad,7/25/2015,
212.154.208.169,Bad,7/25/2015,
212.175.169.227,Bad,7/25/2015,
212.180.176.4,Bad,7/25/2015,
212.227.31.159,Bad,7/25/2015,
212.25.179.97,Bad,7/25/2015,
212.27.63.127,Bad,7/25/2015,
212.36.9.1,Bad,7/25/2015,
212.36.9.10,Bad,7/25/2015,
212.48.121.103,Bad,7/25/2015,
212.58.108.178,Bad,7/25/2015,
212.58.23.82,Bad,7/25/2015,
212.67.202.194,Bad,7/25/2015,
212.7.194.214,Bad,7/25/2015,
212.70.224.183,Bad,7/25/2015,
212.73.128.243,Bad,7/25/2015,
212.84.187.68,Bad,7/25/2015,
213.132.197.60,Bad,7/25/2015,
213.155.12.144,Bad,7/25/2015,
213.163.89.54,Bad,7/25/2015,
213.171.37.206,Bad,7/25/2015,
213.174.143.196,Bad,7/25/2015,
213.174.55.35,Bad,7/25/2015,
213.175.208.130,Bad,7/25/2015,
213.186.33.17,Bad,7/25/2015,
213.205.40.169,Bad,7/25/2015,
213.215.240.24,Bad,7/25/2015,
213.227.207.89,Bad,7/25/2015,
213.230.203.86,Bad,7/25/2015,
213.252.116.180,Bad,7/25/2015,
213.81.152.60,Bad,7/25/2015,
216.104.172.64,Bad,7/25/2015,
216.108.235.94,Bad,7/25/2015,
216.150.65.17,Bad,7/25/2015,
216.157.140.192,Bad,7/25/2015,
216.157.140.193,Bad,7/25/2015,
216.157.147.69,Bad,7/25/2015,
216.157.150.128,Bad,7/25/2015,
216.157.150.192,Bad,7/25/2015,
216.172.162.2,Bad,7/25/2015,
216.172.175.192,Bad,7/25/2015,
216.177.137.23,Bad,7/25/2015,
216.18.228.149,Bad,7/25/2015,
216.194.70.11,Bad,7/25/2015,
216.230.250.84,Bad,7/25/2015,
216.236.255.10,Bad,7/25/2015,
216.239.138.159,Bad,7/25/2015,
216.239.138.166,Bad,7/25/2015,
216.240.140.201,Bad,7/25/2015,
216.245.192.62,Bad,7/25/2015,
216.245.193.34,Bad,7/25/2015,
216.245.193.72,Bad,7/25/2015,
216.45.58.150,Bad,7/25/2015,
216.52.115.50,Bad,7/25/2015,
216.8.179.24,Bad,7/25/2015,
216.81.64.192,Bad,7/25/2015,
216.81.64.64,Bad,7/25/2015,
216.81.75.128,Bad,7/25/2015,
216.97.231.190,Bad,7/25/2015,
217.112.35.90,Bad,7/25/2015,
217.119.57.22,Bad,7/25/2015,
217.13.199.34,Bad,7/25/2015,
217.199.169.221,Bad,7/25/2015,
217.20.163.61,Bad,7/25/2015,
217.23.6.17,Bad,7/25/2015,
217.26.70.72,Bad,7/25/2015,
217.26.70.76,Bad,7/25/2015,
217.30.180.48,Bad,7/25/2015,
217.31.49.10,Bad,7/25/2015,
217.74.66.183,Bad,7/25/2015,
217.8.253.250,Bad,7/25/2015,
218.239.223.225,Bad,7/25/2015,
218.25.203.5,Bad,7/25/2015,
218.38.136.45,Bad,7/25/2015,
218.38.243.71,Bad,7/25/2015,
218.5.79.63,Bad,7/25/2015,
219.148.34.9,Bad,7/25/2015,
219.255.13.77,Bad,7/25/2015,
219.94.194.138,Bad,7/25/2015,
220.110.138.52,Bad,7/25/2015,
220.128.152.141,Bad,7/25/2015,
221.192.214.66,Bad,7/25/2015,
221.238.195.108,Bad,7/25/2015,
222.122.20.235,Bad,7/25/2015,
222.122.39.45,Bad,7/25/2015,
222.222.204.67,Bad,7/25/2015,
222.222.204.68,Bad,7/25/2015,
222.236.47.205,Bad,7/25/2015,
222.24.94.19,Bad,7/25/2015,
222.73.178.11,Bad,7/25/2015,
222.73.178.224,Bad,7/25/2015,
222.76.215.12,Bad,7/25/2015,
24.111.157.113,Bad,7/25/2015,
31.170.163.144,Bad,7/25/2015,
31.170.163.147,Bad,7/25/2015,
31.186.102.156,Bad,7/25/2015,
31.186.102.170,Bad,7/25/2015,
37.139.51.136,Bad,7/25/2015,
37.140.193.24,Bad,7/25/2015,
37.221.170.88,Bad,7/25/2015,
37.230.116.138,Bad,7/25/2015,
37.59.180.17,Bad,7/25/2015,
37.59.252.27,Bad,7/25/2015,
37.59.35.108,Bad,7/25/2015,
37.9.49.10,Bad,7/25/2015,
37.9.61.10,Bad,7/25/2015,
38.113.1.102,Bad,7/25/2015,
38.114.196.226,Bad,7/25/2015,
4.59.56.18,Bad,7/25/2015,
41.223.53.147,Bad,7/25/2015,
41.72.150.100,Bad,7/25/2015,
46.16.240.18,Bad,7/25/2015,
46.163.117.144,Bad,7/25/2015,
46.163.79.209,Bad,7/25/2015,
46.166.131.252,Bad,7/25/2015,
46.166.146.110,Bad,7/25/2015,
46.166.147.133,Bad,7/25/2015,
46.166.178.130,Bad,7/25/2015,
46.17.101.2,Bad,7/25/2015,
46.17.102.124,Bad,7/25/2015,
46.175.224.21,Bad,7/25/2015,
46.21.144.134,Bad,7/25/2015,
46.21.169.41,Bad,7/25/2015,
46.244.13.6,Bad,7/25/2015,
46.249.38.27,Bad,7/25/2015,
46.254.20.77,Bad,7/25/2015,
46.28.71.26,Bad,7/25/2015,
46.4.198.164,Bad,7/25/2015,
46.4.77.145,Bad,7/25/2015,
5.135.115.100,Bad,7/25/2015,
5.135.115.193,Bad,7/25/2015,
5.135.115.194,Bad,7/25/2015,
5.135.115.195,Bad,7/25/2015,
5.135.115.196,Bad,7/25/2015,
5.135.115.197,Bad,7/25/2015,
5.135.115.198,Bad,7/25/2015,
5.135.115.199,Bad,7/25/2015,
5.135.115.201,Bad,7/25/2015,
5.135.115.202,Bad,7/25/2015,
5.135.115.203,Bad,7/25/2015,
5.135.115.204,Bad,7/25/2015,
5.135.115.205,Bad,7/25/2015,
5.135.115.206,Bad,7/25/2015,
5.135.115.207,Bad,7/25/2015,
5.135.115.208,Bad,7/25/2015,
5.135.115.209,Bad,7/25/2015,
5.135.115.210,Bad,7/25/2015,
5.135.115.211,Bad,7/25/2015,
5.135.115.212,Bad,7/25/2015,
5.135.115.213,Bad,7/25/2015,
5.135.115.214,Bad,7/25/2015,
5.135.115.215,Bad,7/25/2015,
5.135.115.216,Bad,7/25/2015,
5.135.115.217,Bad,7/25/2015,
5.135.115.218,Bad,7/25/2015,
5.135.115.219,Bad,7/25/2015,
5.135.115.220,Bad,7/25/2015,
5.135.115.221,Bad,7/25/2015,
5.135.115.222,Bad,7/25/2015,
5.135.239.104,Bad,7/25/2015,
5.199.174.114,Bad,7/25/2015,
5.199.175.38,Bad,7/25/2015,
5.199.175.50,Bad,7/25/2015,
50.17.107.125,Bad,7/25/2015,
50.17.189.198,Bad,7/25/2015,
50.22.0.2,Bad,7/25/2015,
50.22.112.155,Bad,7/25/2015,
50.22.112.76,Bad,7/25/2015,
50.22.86.10,Bad,7/25/2015,
50.22.99.99,Bad,7/25/2015,
50.28.1.14,Bad,7/25/2015,
50.31.1.104,Bad,7/25/2015,
50.61.155.86,Bad,7/25/2015,
50.63.137.176,Bad,7/25/2015,
50.63.75.1,Bad,7/25/2015,
58.215.240.96,Bad,7/25/2015,
58.221.42.63,Bad,7/25/2015,
58.251.60.155,Bad,7/25/2015,
58.30.227.232,Bad,7/25/2015,
58.55.127.16,Bad,7/25/2015,
58.68.149.191,Bad,7/25/2015,
58.68.149.192,Bad,7/25/2015,
59.57.247.185,Bad,7/25/2015,
60.191.134.142,Bad,7/25/2015,
61.139.126.15,Bad,7/25/2015,
61.147.75.89,Bad,7/25/2015,
61.178.85.177,Bad,7/25/2015,
61.19.251.27,Bad,7/25/2015,
61.57.227.5,Bad,7/25/2015,
61.63.123.44,Bad,7/25/2015,
62.109.24.128,Bad,7/25/2015,
62.109.24.131,Bad,7/25/2015,
62.109.24.147,Bad,7/25/2015,
62.109.24.201,Bad,7/25/2015,
62.109.29.101,Bad,7/25/2015,
62.116.167.8,Bad,7/25/2015,
62.122.75.237,Bad,7/25/2015,
62.128.158.240,Bad,7/25/2015,
62.149.12.191,Bad,7/25/2015,
62.149.128.72,Bad,7/25/2015,
62.149.131.197,Bad,7/25/2015,
62.149.133.98,Bad,7/25/2015,
62.149.140.107,Bad,7/25/2015,
62.149.140.163,Bad,7/25/2015,
62.149.208.192,Bad,7/25/2015,
62.211.68.12,Bad,7/25/2015,
62.211.68.58,Bad,7/25/2015,
62.213.74.8,Bad,7/25/2015,
62.219.84.213,Bad,7/25/2015,
62.221.194.25,Bad,7/25/2015,
62.48.33.13,Bad,7/25/2015,
62.75.152.79,Bad,7/25/2015,
62.76.186.215,Bad,7/25/2015,
62.76.187.148,Bad,7/25/2015,
62.76.187.24,Bad,7/25/2015,
62.76.45.223,Bad,7/25/2015,
62.76.47.12,Bad,7/25/2015,
62.85.27.129,Bad,7/25/2015,
63.141.249.227,Bad,7/25/2015,
63.217.31.51,Bad,7/25/2015,
63.227.18.137,Bad,7/25/2015,
63.251.171.80,Bad,7/25/2015,
63.90.228.36,Bad,7/25/2015,
64.111.196.119,Bad,7/25/2015,
64.120.193.178,Bad,7/25/2015,
64.13.192.177,Bad,7/25/2015,
64.13.232.143,Bad,7/25/2015,
64.186.133.109,Bad,7/25/2015,
64.191.16.37,Bad,7/25/2015,
64.191.90.213,Bad,7/25/2015,
64.202.107.23,Bad,7/25/2015,
64.202.124.84,Bad,7/25/2015,
64.22.106.116,Bad,7/25/2015,
64.247.176.25,Bad,7/25/2015,
64.247.183.126,Bad,7/25/2015,
64.247.191.170,Bad,7/25/2015,
64.250.114.5,Bad,7/25/2015,
64.250.120.102,Bad,7/25/2015,
64.40.123.35,Bad,7/25/2015,
64.49.219.213,Bad,7/25/2015,
64.49.219.215,Bad,7/25/2015,
64.6.241.13,Bad,7/25/2015,
64.6.241.20,Bad,7/25/2015,
64.6.241.22,Bad,7/25/2015,
64.6.241.8,Bad,7/25/2015,
64.70.19.33,Bad,7/25/2015,
64.71.180.16,Bad,7/25/2015,
64.71.34.124,Bad,7/25/2015,
64.8.123.110,Bad,7/25/2015,
64.94.137.105,Bad,7/25/2015,
64.94.37.195,Bad,7/25/2015,
65.254.248.196,Bad,7/25/2015,
65.254.250.102,Bad,7/25/2015,
65.60.44.202,Bad,7/25/2015,
65.61.216.193,Bad,7/25/2015,
65.75.138.206,Bad,7/25/2015,
65.75.149.60,Bad,7/25/2015,
65.75.162.20,Bad,7/25/2015,
65.75.179.214,Bad,7/25/2015,
65.75.185.235,Bad,7/25/2015,
66.117.3.211,Bad,7/25/2015,
66.118.146.69,Bad,7/25/2015,
66.128.53.59,Bad,7/25/2015,
66.147.240.165,Bad,7/25/2015,
66.147.242.185,Bad,7/25/2015,
66.147.244.213,Bad,7/25/2015,
66.147.244.236,Bad,7/25/2015,
66.150.164.188,Bad,7/25/2015,
66.175.212.25,Bad,7/25/2015,
66.175.218.117,Bad,7/25/2015,
66.220.17.157,Bad,7/25/2015,
66.220.17.200,Bad,7/25/2015,
66.230.143.147,Bad,7/25/2015,
66.230.195.113,Bad,7/25/2015,
66.232.116.49,Bad,7/25/2015,
66.249.23.64,Bad,7/25/2015,
66.7.213.86,Bad,7/25/2015,
66.7.214.152,Bad,7/25/2015,
66.7.214.156,Bad,7/25/2015,
66.96.130.21,Bad,7/25/2015,
66.96.146.201,Bad,7/25/2015,
66.96.147.117,Bad,7/25/2015,
66.96.161.128,Bad,7/25/2015,
66.96.161.141,Bad,7/25/2015,
66.96.214.117,Bad,7/25/2015,
67.18.207.212,Bad,7/25/2015,
67.18.235.10,Bad,7/25/2015,
67.195.145.141,Bad,7/25/2015,
67.195.145.142,Bad,7/25/2015,
67.20.108.63,Bad,7/25/2015,
67.202.194.195,Bad,7/25/2015,
67.202.87.234,Bad,7/25/2015,
67.205.101.61,Bad,7/25/2015,
67.205.89.53,Bad,7/25/2015,
67.208.74.71,Bad,7/25/2015,
67.21.76.33,Bad,7/25/2015,
67.21.76.6,Bad,7/25/2015,
67.210.126.100,Bad,7/25/2015,
67.210.126.105,Bad,7/25/2015,
67.210.126.110,Bad,7/25/2015,
67.212.227.135,Bad,7/25/2015,
67.212.237.64,Bad,7/25/2015,
67.215.248.8,Bad,7/25/2015,
67.222.109.112,Bad,7/25/2015,
67.222.56.38,Bad,7/25/2015,
67.225.189.212,Bad,7/25/2015,
67.228.39.206,Bad,7/25/2015,
67.228.85.201,Bad,7/25/2015,
67.23.129.220,Bad,7/25/2015,
67.23.129.90,Bad,7/25/2015,
67.23.226.19,Bad,7/25/2015,
67.23.254.107,Bad,7/25/2015,
67.230.160.122,Bad,7/25/2015,
67.55.47.152,Bad,7/25/2015,
67.55.67.250,Bad,7/25/2015,
68.178.254.187,Bad,7/25/2015,
69.10.37.189,Bad,7/25/2015,
69.16.206.133,Bad,7/25/2015,
69.162.82.26,Bad,7/25/2015,
69.162.86.4,Bad,7/25/2015,
69.163.138.18,Bad,7/25/2015,
69.163.145.107,Bad,7/25/2015,
69.163.186.103,Bad,7/25/2015,
69.163.194.224,Bad,7/25/2015,
69.163.255.244,Bad,7/25/2015,
69.164.249.199,Bad,7/25/2015,
69.175.118.50,Bad,7/25/2015,
69.175.12.234,Bad,7/25/2015,
69.175.121.66,Bad,7/25/2015,
69.175.88.10,Bad,7/25/2015,
69.194.192.229,Bad,7/25/2015,
69.194.194.216,Bad,7/25/2015,
69.195.68.94,Bad,7/25/2015,
69.197.135.51,Bad,7/25/2015,
69.20.64.52,Bad,7/25/2015,
69.3.109.79,Bad,7/25/2015,
69.46.20.189,Bad,7/25/2015,
69.49.101.51,Bad,7/25/2015,
69.50.192.250,Bad,7/25/2015,
69.50.195.232,Bad,7/25/2015,
69.50.202.16,Bad,7/25/2015,
69.50.208.164,Bad,7/25/2015,
69.50.209.109,Bad,7/25/2015,
69.50.213.106,Bad,7/25/2015,
69.50.221.190,Bad,7/25/2015,
69.50.221.196,Bad,7/25/2015,
69.50.249.3,Bad,7/25/2015,
69.55.49.159,Bad,7/25/2015,
69.59.17.39,Bad,7/25/2015,
69.6.196.2,Bad,7/25/2015,
69.61.18.58,Bad,7/25/2015,
69.64.50.78,Bad,7/25/2015,
69.64.63.204,Bad,7/25/2015,
69.64.63.220,Bad,7/25/2015,
69.64.78.217,Bad,7/25/2015,
69.64.92.87,Bad,7/25/2015,
69.72.158.66,Bad,7/25/2015,
69.89.17.19,Bad,7/25/2015,
69.89.18.20,Bad,7/25/2015,
69.89.19.200,Bad,7/25/2015,
69.89.20.48,Bad,7/25/2015,
69.89.21.92,Bad,7/25/2015,
69.89.22.116,Bad,7/25/2015,
69.89.22.117,Bad,7/25/2015,
69.89.22.132,Bad,7/25/2015,
69.89.31.59,Bad,7/25/2015,
69.89.31.69,Bad,7/25/2015,
69.89.5.179,Bad,7/25/2015,
69.90.162.175,Bad,7/25/2015,
69.93.76.120,Bad,7/25/2015,
70.38.113.158,Bad,7/25/2015,
70.38.12.107,Bad,7/25/2015,
70.38.124.97,Bad,7/25/2015,
70.38.38.41,Bad,7/25/2015,
70.38.54.11,Bad,7/25/2015,
70.38.98.239,Bad,7/25/2015,
70.43.40.116,Bad,7/25/2015,
70.86.12.226,Bad,7/25/2015,
70.86.12.98,Bad,7/25/2015,
70.86.182.226,Bad,7/25/2015,
70.86.183.66,Bad,7/25/2015,
70.86.83.194,Bad,7/25/2015,
71.235.85.177,Bad,7/25/2015,
71.63.136.200,Bad,7/25/2015,
71.7.3.60,Bad,7/25/2015,
72.10.169.26,Bad,7/25/2015,
72.167.131.8,Bad,7/25/2015,
72.18.206.103,Bad,7/25/2015,
72.20.53.34,Bad,7/25/2015,
72.232.219.152,Bad,7/25/2015,
72.32.147.129,Bad,7/25/2015,
72.45.244.22,Bad,7/25/2015,
72.55.186.13,Bad,7/25/2015,
72.55.186.57,Bad,7/25/2015,
72.8.150.30,Bad,7/25/2015,
72.9.231.123,Bad,7/25/2015,
74.114.116.101,Bad,7/25/2015,
74.114.116.103,Bad,7/25/2015,
74.114.116.117,Bad,7/25/2015,
74.117.222.24,Bad,7/25/2015,
74.125.47.137,Bad,7/25/2015,
74.200.91.144,Bad,7/25/2015,
74.205.47.72,Bad,7/25/2015,
74.206.224.180,Bad,7/25/2015,
74.208.216.81,Bad,7/25/2015,
74.208.84.139,Bad,7/25/2015,
74.220.215.94,Bad,7/25/2015,
74.220.219.67,Bad,7/25/2015,
74.52.179.179,Bad,7/25/2015,
74.52.58.98,Bad,7/25/2015,
74.53.86.114,Bad,7/25/2015,
74.54.143.242,Bad,7/25/2015,
74.54.143.248,Bad,7/25/2015,
74.54.41.82,Bad,7/25/2015,
74.54.63.18,Bad,7/25/2015,
74.54.82.224,Bad,7/25/2015,
74.63.153.63,Bad,7/25/2015,
74.63.229.232,Bad,7/25/2015,
74.63.76.18,Bad,7/25/2015,
74.81.73.134,Bad,7/25/2015,
74.81.93.72,Bad,7/25/2015,
74.84.143.4,Bad,7/25/2015,
74.9.2.88,Bad,7/25/2015,
75.125.16.194,Bad,7/25/2015,
75.125.241.58,Bad,7/25/2015,
75.125.56.218,Bad,7/25/2015,
75.125.56.83,Bad,7/25/2015,
75.127.108.214,Bad,7/25/2015,
75.127.15.39,Bad,7/25/2015,
75.127.98.106,Bad,7/25/2015,
76.162.143.102,Bad,7/25/2015,
76.163.253.1,Bad,7/25/2015,
76.74.167.171,Bad,7/25/2015,
77.221.130.43,Bad,7/25/2015,
77.221.149.219,Bad,7/25/2015,
77.222.131.86,Bad,7/25/2015,
77.222.40.74,Bad,7/25/2015,
77.222.40.91,Bad,7/25/2015,
77.232.66.18,Bad,7/25/2015,
77.245.149.33,Bad,7/25/2015,
77.245.61.232,Bad,7/25/2015,
77.55.70.169,Bad,7/25/2015,
77.75.105.9,Bad,7/25/2015,
77.79.19.33,Bad,7/25/2015,
77.79.247.83,Bad,7/25/2015,
77.92.151.63,Bad,7/25/2015,
77.93.211.208,Bad,7/25/2015,
77.93.211.244,Bad,7/25/2015,
78.110.162.72,Bad,7/25/2015,
78.110.162.73,Bad,7/25/2015,
78.110.162.79,Bad,7/25/2015,
78.110.62.95,Bad,7/25/2015,
78.136.20.106,Bad,7/25/2015,
78.140.135.195,Bad,7/25/2015,
78.140.135.208,Bad,7/25/2015,
78.140.135.211,Bad,7/25/2015,
78.140.15.82,Bad,7/25/2015,
78.140.178.36,Bad,7/25/2015,
78.24.220.106,Bad,7/25/2015,
78.26.187.39,Bad,7/25/2015,
78.26.187.41,Bad,7/25/2015,
78.31.65.216,Bad,7/25/2015,
78.46.16.22,Bad,7/25/2015,
78.46.205.130,Bad,7/25/2015,
78.46.222.234,Bad,7/25/2015,
78.46.67.80,Bad,7/25/2015,
78.46.93.8,Bad,7/25/2015,
78.47.219.35,Bad,7/25/2015,
78.47.222.221,Bad,7/25/2015,
79.135.152.30,Bad,7/25/2015,
79.142.65.135,Bad,7/25/2015,
79.142.65.137,Bad,7/25/2015,
79.142.65.138,Bad,7/25/2015,
79.142.65.139,Bad,7/25/2015,
79.142.65.179,Bad,7/25/2015,
79.142.65.180,Bad,7/25/2015,
79.142.65.183,Bad,7/25/2015,
8.23.224.90,Bad,7/25/2015,
80.190.144.115,Bad,7/25/2015,
80.237.132.59,Bad,7/25/2015,
80.24.67.44,Bad,7/25/2015,
80.248.228.223,Bad,7/25/2015,
80.248.228.229,Bad,7/25/2015,
80.77.24.66,Bad,7/25/2015,
80.82.220.198,Bad,7/25/2015,
80.82.79.35,Bad,7/25/2015,
80.86.106.89,Bad,7/25/2015,
80.91.176.135,Bad,7/25/2015,
80.91.176.192,Bad,7/25/2015,
81.0.225.68,Bad,7/25/2015,
81.169.145.66,Bad,7/25/2015,
81.169.145.67,Bad,7/25/2015,
81.169.145.69,Bad,7/25/2015,
81.169.145.71,Bad,7/25/2015,
81.169.145.73,Bad,7/25/2015,
81.169.145.82,Bad,7/25/2015,
81.169.145.91,Bad,7/25/2015,
81.169.157.217,Bad,7/25/2015,
81.174.65.190,Bad,7/25/2015,
81.176.232.104,Bad,7/25/2015,
81.176.239.9,Bad,7/25/2015,
81.176.68.175,Bad,7/25/2015,
81.177.139.113,Bad,7/25/2015,
81.177.140.93,Bad,7/25/2015,
81.177.6.122,Bad,7/25/2015,
81.2.194.138,Bad,7/25/2015,
81.2.195.176,Bad,7/25/2015,
81.2.200.162,Bad,7/25/2015,
81.20.97.13,Bad,7/25/2015,
81.31.145.112,Bad,7/25/2015,
81.31.145.121,Bad,7/25/2015,
81.88.48.113,Bad,7/25/2015,
81.88.48.97,Bad,7/25/2015,
81.91.82.35,Bad,7/25/2015,
82.113.204.228,Bad,7/25/2015,
82.145.57.3,Bad,7/25/2015,
82.146.40.169,Bad,7/25/2015,
82.146.40.170,Bad,7/25/2015,
82.146.45.159,Bad,7/25/2015,
82.146.45.84,Bad,7/25/2015,
82.146.47.238,Bad,7/25/2015,
82.146.49.9,Bad,7/25/2015,
82.197.146.30,Bad,7/25/2015,
82.201.35.6,Bad,7/25/2015,
83.125.22.186,Bad,7/25/2015,
83.133.122.54,Bad,7/25/2015,
83.133.125.178,Bad,7/25/2015,
83.137.194.13,Bad,7/25/2015,
83.139.194.168,Bad,7/25/2015,
83.140.109.192,Bad,7/25/2015,
83.140.249.241,Bad,7/25/2015,
83.142.47.61,Bad,7/25/2015,
83.166.168.140,Bad,7/25/2015,
83.172.140.27,Bad,7/25/2015,
83.245.63.180,Bad,7/25/2015,
83.245.63.229,Bad,7/25/2015,
83.69.226.72,Bad,7/25/2015,
84.23.66.74,Bad,7/25/2015,
84.242.167.49,Bad,7/25/2015,
84.51.21.108,Bad,7/25/2015,
84.51.21.163,Bad,7/25/2015,
85.10.140.251,Bad,7/25/2015,
85.13.135.179,Bad,7/25/2015,
85.13.136.149,Bad,7/25/2015,
85.13.138.226,Bad,7/25/2015,
85.13.236.154,Bad,7/25/2015,
85.143.166.170,Bad,7/25/2015,
85.143.166.181,Bad,7/25/2015,
85.143.166.247,Bad,7/25/2015,
85.159.233.47,Bad,7/25/2015,
85.17.134.4,Bad,7/25/2015,
85.190.0.100,Bad,7/25/2015,
85.192.33.180,Bad,7/25/2015,
85.192.36.173,Bad,7/25/2015,
85.21.235.231,Bad,7/25/2015,
85.214.133.237,Bad,7/25/2015,
85.214.141.106,Bad,7/25/2015,
86.109.114.31,Bad,7/25/2015,
86.35.15.212,Bad,7/25/2015,
86.35.15.213,Bad,7/25/2015,
86.35.15.214,Bad,7/25/2015,
87.118.88.140,Bad,7/25/2015,
87.236.199.153,Bad,7/25/2015,
87.242.126.153,Bad,7/25/2015,
87.250.250.83,Bad,7/25/2015,
87.252.1.21,Bad,7/25/2015,
87.252.216.126,Bad,7/25/2015,
88.190.22.72,Bad,7/25/2015,
88.191.20.248,Bad,7/25/2015,
88.208.33.138,Bad,7/25/2015,
88.214.193.196,Bad,7/25/2015,
88.214.198.10,Bad,7/25/2015,
88.214.242.12,Bad,7/25/2015,
88.80.10.1,Bad,7/25/2015,
88.80.7.152,Bad,7/25/2015,
88.86.104.62,Bad,7/25/2015,
88.86.113.4,Bad,7/25/2015,
89.108.66.188,Bad,7/25/2015,
89.108.67.238,Bad,7/25/2015,
89.111.176.125,Bad,7/25/2015,
89.111.176.89,Bad,7/25/2015,
89.111.177.27,Bad,7/25/2015,
89.145.77.24,Bad,7/25/2015,
89.145.93.63,Bad,7/25/2015,
89.18.136.244,Bad,7/25/2015,
89.185.228.12,Bad,7/25/2015,
89.185.228.15,Bad,7/25/2015,
89.187.50.195,Bad,7/25/2015,
89.190.194.188,Bad,7/25/2015,
89.209.91.49,Bad,7/25/2015,
89.234.64.135,Bad,7/25/2015,
89.234.64.136,Bad,7/25/2015,
89.248.111.226,Bad,7/25/2015,
89.248.169.40,Bad,7/25/2015,
89.248.172.196,Bad,7/25/2015,
89.248.176.24,Bad,7/25/2015,
89.253.231.93,Bad,7/25/2015,
89.28.13.212,Bad,7/25/2015,
89.31.145.154,Bad,7/25/2015,
89.34.23.162,Bad,7/25/2015,
89.42.216.102,Bad,7/25/2015,
89.42.216.129,Bad,7/25/2015,
89.42.216.47,Bad,7/25/2015,
89.42.216.56,Bad,7/25/2015,
89.45.173.134,Bad,7/25/2015,
90.156.159.52,Bad,7/25/2015,
90.156.201.22,Bad,7/25/2015,
91.121.107.21,Bad,7/25/2015,
91.121.34.58,Bad,7/25/2015,
91.121.57.231,Bad,7/25/2015,
91.149.157.133,Bad,7/25/2015,
91.185.202.90,Bad,7/25/2015,
91.188.59.10,Bad,7/25/2015,
91.188.59.150,Bad,7/25/2015,
91.188.59.93,Bad,7/25/2015,
91.188.59.95,Bad,7/25/2015,
91.188.60.5,Bad,7/25/2015,
91.189.80.71,Bad,7/25/2015,
91.189.81.71,Bad,7/25/2015,
91.191.170.26,Bad,7/25/2015,
91.193.110.45,Bad,7/25/2015,
91.194.40.118,Bad,7/25/2015,
91.195.110.99,Bad,7/25/2015,
91.195.254.71,Bad,7/25/2015,
91.195.254.74,Bad,7/25/2015,
91.195.254.86,Bad,7/25/2015,
91.196.124.59,Bad,7/25/2015,
91.196.216.64,Bad,7/25/2015,
91.197.128.216,Bad,7/25/2015,
91.200.240.46,Bad,7/25/2015,
91.200.240.7,Bad,7/25/2015,
91.201.215.173,Bad,7/25/2015,
91.202.244.122,Bad,7/25/2015,
91.202.244.89,Bad,7/25/2015,
91.204.73.135,Bad,7/25/2015,
91.206.201.9,Bad,7/25/2015,
91.207.182.55,Bad,7/25/2015,
91.207.182.56,Bad,7/25/2015,
91.207.6.114,Bad,7/25/2015,
91.207.6.134,Bad,7/25/2015,
91.209.163.184,Bad,7/25/2015,
91.211.117.146,Bad,7/25/2015,
91.211.117.25,Bad,7/25/2015,
91.211.119.167,Bad,7/25/2015,
91.211.119.32,Bad,7/25/2015,
91.211.119.56,Bad,7/25/2015,
91.212.226.33,Bad,7/25/2015,
91.213.174.10,Bad,7/25/2015,
91.213.174.44,Bad,7/25/2015,
91.213.174.46,Bad,7/25/2015,
91.213.217.91,Bad,7/25/2015,
91.217.162.141,Bad,7/25/2015,
91.217.162.158,Bad,7/25/2015,
91.217.162.176,Bad,7/25/2015,
91.217.162.199,Bad,7/25/2015,
91.217.162.228,Bad,7/25/2015,
91.217.162.239,Bad,7/25/2015,
91.217.249.136,Bad,7/25/2015,
91.217.249.160,Bad,7/25/2015,
91.218.121.86,Bad,7/25/2015,
91.218.230.111,Bad,7/25/2015,
91.218.231.111,Bad,7/25/2015,
91.220.62.84,Bad,7/25/2015,
91.223.223.244,Bad,7/25/2015,
91.223.82.58,Bad,7/25/2015,
91.224.135.20,Bad,7/25/2015,
91.234.33.187,Bad,7/25/2015,
91.82.226.160,Bad,7/25/2015,
92.60.177.235,Bad,7/25/2015,
92.60.177.236,Bad,7/25/2015,
92.60.177.244,Bad,7/25/2015,
92.60.177.246,Bad,7/25/2015,
92.63.104.150,Bad,7/25/2015,
92.63.104.224,Bad,7/25/2015,
92.63.104.89,Bad,7/25/2015,
92.63.105.23,Bad,7/25/2015,
92.63.106.133,Bad,7/25/2015,
92.63.106.52,Bad,7/25/2015,
92.63.106.53,Bad,7/25/2015,
92.63.106.55,Bad,7/25/2015,
92.63.106.76,Bad,7/25/2015,
93.125.99.10,Bad,7/25/2015,
93.157.100.56,Bad,7/25/2015,
93.158.135.4,Bad,7/25/2015,
93.158.93.134,Bad,7/25/2015,
93.158.95.134,Bad,7/25/2015,
93.170.107.151,Bad,7/25/2015,
93.170.109.156,Bad,7/25/2015,
93.170.128.253,Bad,7/25/2015,
93.174.138.48,Bad,7/25/2015,
93.185.104.19,Bad,7/25/2015,
93.185.104.24,Bad,7/25/2015,
93.185.104.27,Bad,7/25/2015,
93.185.104.28,Bad,7/25/2015,
93.185.104.29,Bad,7/25/2015,
93.185.104.30,Bad,7/25/2015,
93.186.195.74,Bad,7/25/2015,
93.189.40.173,Bad,7/25/2015,
93.190.43.44,Bad,7/25/2015,
93.95.103.169,Bad,7/25/2015,
94.100.25.139,Bad,7/25/2015,
94.102.14.239,Bad,7/25/2015,
94.199.53.203,Bad,7/25/2015,
94.229.74.226,Bad,7/25/2015,
94.23.38.214,Bad,7/25/2015,
94.250.250.144,Bad,7/25/2015,
94.250.251.61,Bad,7/25/2015,
94.60.32.118,Bad,7/25/2015,
94.73.129.210,Bad,7/25/2015,
94.76.235.199,Bad,7/25/2015,
95.143.193.60,Bad,7/25/2015,
95.163.104.80,Bad,7/25/2015,
95.169.186.126,Bad,7/25/2015,
95.170.72.226,Bad,7/25/2015,
95.173.189.26,Bad,7/25/2015,
95.211.10.198,Bad,7/25/2015,
95.211.20.44,Bad,7/25/2015,
95.64.8.76,Bad,7/25/2015,
96.0.24.28,Bad,7/25/2015,
96.127.176.138,Bad,7/25/2015,
96.30.28.181,Bad,7/25/2015,
96.47.69.60,Bad,7/25/2015,
98.124.198.1,Bad,7/25/2015,
98.124.199.1,Bad,7/25/2015,
98.130.241.1,Bad,7/25/2015,
98.130.32.2,Bad,7/25/2015,
98.131.132.1,Bad,7/25/2015,
98.158.178.231,Bad,7/25/2015,
